hackathon_id,title,organizer,theme,required_skills,preferred_skills,domain,difficulty_level,duration,prize_pool,registration_deadline,mode,team_size_min,team_size_max,description,tags
H001,Smart India Hackathon 2024,Government of India,Social Impact,"Python,Machine Learning,Problem Solving","Deep Learning,NLP,Computer Vision",AI/ML,Intermediate,36 hours,1000000,2024-08-15,Offline,2,4,"Solve real government problems using technology. One of India's largest national hackathons.","national,government,ai,social-impact"
H002,MLH Global Hack,Major League Hacking,Open Innovation,"Python,JavaScript,APIs","React,Node.js,Firebase",Web/App,Beginner,24 hours,50000,2024-09-01,Online,1,4,"Build anything you want in 24 hours. Open to all skill levels. Prizes for best hack.","global,open,beginner-friendly,mlh"
H003,HackBio,HackBio Community,Bioinformatics,"Python,R,Bioinformatics","BLAST,Biopython,Genomics",Bioinformatics,Intermediate,5 days,75000,2024-09-10,Online,1,5,"Solve bioinformatics challenges: genomics, drug discovery, protein folding.","bioinformatics,genomics,biology,research"
H004,ETHIndia,Devfolio,Blockchain & Web3,"Solidity,JavaScript,Web3.js","Ethereum,IPFS,DeFi",Blockchain,Advanced,36 hours,500000,2024-09-20,Offline,2,5,"Build decentralised applications on Ethereum. India's largest Ethereum hackathon.","blockchain,web3,ethereum,defi"
H005,AngelHack Global,AngelHack,FinTech,"Python,SQL,Machine Learning","TensorFlow,APIs,Flask",Finance/AI,Intermediate,48 hours,200000,2024-10-05,Online,1,4,"Build financial technology solutions using AI/ML. Global hackathon with regional winners.","fintech,finance,ai,global"
H006,NASA Space Apps Challenge,NASA,Space Technology,"Python,Data Analysis,APIs","Machine Learning,Visualization,GIS",Science/Tech,Advanced,48 hours,300000,2024-10-07,Online,1,6,"Tackle NASA challenges using space data. Compete with teams from 160+ countries.","nasa,space,data,global"
H007,Hack the Box CTF,Hack The Box,Cybersecurity,"Linux,Python,Networking","Reverse Engineering,Cryptography,Exploitation",Cybersecurity,Advanced,72 hours,150000,2024-10-15,Online,1,4,"Capture The Flag competition. Solve cybersecurity challenges across multiple categories.","ctf,security,hacking,competition"
H008,Morgan Stanley Code to Give,Morgan Stanley,Social Impact,"JavaScript,Python,React","Node.js,SQL,APIs",Web Development,Intermediate,8 weeks,100000,2024-10-20,Hybrid,3,5,"Build tech solutions for NGOs. Mentored hackathon with real social impact.","social-impact,ngo,mentored,web"
H009,Adobe GenSolve,Adobe,Creativity & AI,"Python,Machine Learning,OpenCV","Computer Vision,GAN,Image Processing",AI/Creative Tech,Advanced,48 hours,250000,2024-11-01,Online,2,4,"Solve creative AI problems: image processing, generative models, design automation.","adobe,ai,creative,computer-vision"
H010,HackerEarth ML Challenge,HackerEarth,Machine Learning,"Python,Machine Learning,Scikit-learn","XGBoost,Feature Engineering,Statistics",Data Science,Intermediate,72 hours,100000,2024-11-10,Online,1,1,"Solo ML competition. Optimise predictive models on real-world datasets.","ml,solo,competition,data-science"
H011,Smart City Hackathon,NASSCOM,Smart Cities,"IoT,Python,Cloud","Raspberry Pi,AWS,React",IoT/Cloud,Intermediate,48 hours,300000,2024-11-15,Offline,2,5,"Design smart city solutions for urban problems: traffic, waste, energy.","iot,smart-city,cloud,urban"
H012,Google Solution Challenge,Google,UN SDGs,"Android,Flutter,Firebase","Google Cloud,ML Kit,Maps API",Mobile/Cloud,Intermediate,3 months,500000,2025-02-28,Online,1,4,"Build apps that solve UN Sustainable Development Goals using Google tech.","google,sdg,mobile,cloud"
H013,Flipkart Grid,Flipkart,E-Commerce Tech,"Python,Machine Learning,Java","Deep Learning,NLP,Computer Vision",AI/Retail,Advanced,Multi-round,400000,2024-12-01,Online,2,2,"Multi-round engineering challenge. Build solutions for e-commerce problems.","flipkart,ecommerce,ai,engineering"
H014,HackMIT,MIT,Open Innovation,"Python,JavaScript,C++","React,APIs,Machine Learning",Open,Advanced,24 hours,200000,2024-09-14,Offline,1,4,"Top-tier university hackathon at MIT. Highly competitive, open to all domains.","mit,university,competitive,open"
H015,Devfolio BuilderHive,Devfolio,Web3/DeFi,"Solidity,JavaScript,React","IPFS,The Graph,Hardhat",Blockchain,Intermediate,48 hours,300000,2024-10-25,Online,1,4,"Build Web3 products. Focus on DeFi, DAOs, and decentralised infrastructure.","web3,defi,dao,blockchain"
H016,Inter IIT Tech Meet,IIT Consortium,Technology,"Python,C++,Machine Learning","ROS,Computer Vision,Embedded",Multi-domain,Advanced,2 days,250000,2024-12-10,Offline,5,10,"Multi-domain tech competition among IITs. Categories: AI, robotics, product design.","iit,competitive,robotics,ai"
H017,Hack4Good,Tech for Good Foundation,Social Good,"Python,React,SQL","NLP,APIs,Visualization",Social Tech,Beginner,48 hours,50000,2024-10-30,Online,2,4,"Build apps to solve social problems: education, health, agriculture.","social-good,beginner,ngo,impact"
H018,J.P. Morgan Code for Good,J.P. Morgan,Finance/Social,"Python,JavaScript,SQL","Machine Learning,APIs,React",Finance/Tech,Intermediate,24 hours,100000,2024-09-25,Offline,4,6,"24-hour hackathon building tech for NGOs. Supported by J.P. Morgan engineers.","jpmorgan,finance,ngo,mentored"
H019,OpenHack by Microsoft,Microsoft,Cloud & AI,"Python,Azure,JavaScript","Azure ML,Power BI,React",Cloud/AI,Intermediate,2 days,200000,2024-11-20,Online,3,5,"Solve business problems using Microsoft Azure and AI tools.","microsoft,azure,cloud,ai"
H020,Hack the Climate,Climate Tech Alliance,Climate,"Python,Data Analysis,APIs","Machine Learning,GIS,IoT",Climate Tech,Intermediate,48 hours,150000,2024-11-05,Online,2,4,"Build tech solutions for climate change: carbon tracking, sustainability, clean energy.","climate,sustainability,green-tech,social"
