opportunity_id,title,company,type,domain,required_skills,preferred_skills,location,remote,duration,stipend_monthly,min_cgpa,description,tags
O001,Machine Learning Intern,TechCorp AI,Internship,Data Science,"Python,Machine Learning,SQL","TensorFlow,Scikit-learn",Bangalore,True,3 months,25000,7.5,"Work on real-world ML models for product recommendations. Collaborate with data scientists.","ml,ai,python,internship"
O002,Data Analyst Intern,FinAnalytics,Internship,Finance,"Python,SQL,Excel,Tableau","Power BI,R",Mumbai,True,6 months,20000,7.0,"Analyze financial datasets, build dashboards, and prepare reports for senior analysts.","data,analytics,finance,sql"
O003,Backend Developer Intern,CloudBase,Internship,Web Development,"Java,Spring Boot,REST APIs","Docker,Kubernetes",Hyderabad,True,3 months,30000,7.5,"Build and maintain scalable microservices. Work with senior engineers on API design.","backend,java,cloud,web"
O004,Frontend Developer Intern,DesignStudio,Internship,UI/UX,"React,JavaScript,HTML,CSS","TypeScript,Figma",Bangalore,True,2 months,15000,6.5,"Create responsive web interfaces and implement UI designs from Figma mockups.","frontend,react,ui,web"
O005,NLP Research Intern,LangTech,Internship,AI Research,"Python,NLP,Machine Learning","Transformers,BERT,PyTorch",Chennai,True,6 months,35000,8.0,"Research and implement NLP pipelines for text classification and sentiment analysis.","nlp,research,ai,python"
O006,Embedded Systems Intern,AutoTech,Internship,Electronics,"C++,Embedded C,MATLAB","RTOS,CAN Bus",Pune,False,3 months,18000,7.0,"Develop firmware for automotive ECUs. Work on sensor integration and communication protocols.","embedded,electronics,automotive,cpp"
O007,Data Engineering Intern,DataStream,Internship,Data Engineering,"Python,SQL,Spark","Kafka,Hadoop,AWS",Chennai,True,4 months,28000,7.5,"Build ETL pipelines for large-scale data processing. Work with Spark and Kafka clusters.","data-engineering,bigdata,python,spark"
O008,Android Developer Intern,MobileFirst,Internship,Mobile Development,"Java,Android,Firebase","Kotlin,REST APIs",Delhi,False,3 months,20000,6.5,"Develop Android applications. Work on UI components and backend integration.","android,mobile,java,apps"
O009,Computer Vision Intern,VisionAI,Internship,Computer Vision,"Python,OpenCV,Machine Learning","PyTorch,YOLO,TensorFlow",Bangalore,True,3 months,30000,8.0,"Implement object detection and image segmentation models for industrial applications.","computervision,ai,python,opencv"
O010,Quant Research Intern,QuantFin,Internship,Finance,"Python,SQL,Excel","R,MATLAB,Statistics",Mumbai,True,3 months,40000,7.5,"Build quantitative models for risk assessment and portfolio optimization.","quant,finance,python,risk"
O011,UI/UX Design Intern,CreativeHub,Internship,Design,"Figma,Adobe XD,User Research","Sketch,Prototyping",Mumbai,True,2 months,12000,6.0,"Design intuitive user interfaces. Conduct user research and usability testing.","ux,design,figma,research"
O012,Blockchain Developer Intern,ChainWorks,Internship,Blockchain,"Python,Solidity,JavaScript","Web3.js,Ethereum",Hyderabad,True,4 months,35000,7.5,"Develop smart contracts and DeFi protocols on Ethereum and Polygon networks.","blockchain,web3,solidity,python"
O013,Bioinformatics Intern,GenomicsCo,Internship,Biotechnology,"Python,R,Bioinformatics","BLAST,Biopython,GATK",Bangalore,False,6 months,22000,8.0,"Analyze genomic data for drug discovery projects. Build bioinformatics pipelines.","bioinformatics,genomics,research,python"
O014,Product Management Intern,StartupX,Internship,Product Management,"Excel,Market Research,Communication","SQL,Figma,Agile",Delhi,True,3 months,18000,7.0,"Define product requirements, work with engineering and design teams on feature delivery.","product,management,strategy,startup"
O015,DevOps Intern,InfraCloud,Internship,DevOps,"Docker,Linux,Shell Scripting","Kubernetes,Terraform,CI/CD",Bangalore,True,3 months,25000,7.0,"Manage cloud infrastructure, set up CI/CD pipelines, and automate deployment processes.","devops,cloud,docker,kubernetes"
O016,Full Stack Developer,WebSolve,Full-time,Web Development,"React,Node.js,SQL,Python","Docker,AWS,TypeScript",Bangalore,True,Permanent,80000,7.5,"Build end-to-end web applications. Own features from design to deployment.","fullstack,web,react,nodejs"
O017,Data Scientist,InsightCorp,Full-time,Data Science,"Python,Machine Learning,SQL,Statistics","Deep Learning,Spark,Tableau",Mumbai,True,Permanent,120000,8.0,"Build predictive models, analyze large datasets, and generate business insights.","datascience,ml,python,analytics"
O018,Backend Engineer,ScaleUp,Full-time,Web Development,"Java,Spring Boot,Microservices,SQL","Kubernetes,Redis,AWS",Hyderabad,True,Permanent,100000,7.5,"Design and build highly scalable backend systems serving millions of users.","backend,java,microservices,cloud"
O019,ML Research Engineer,DeepMind Labs,Full-time,AI Research,"Python,PyTorch,Deep Learning,Mathematics","RL,Computer Vision,NLP",Bangalore,True,Permanent,150000,8.5,"Conduct applied ML research and implement state-of-the-art models into production.","ml,research,ai,pytorch"
O020,VLSI Design Engineer,SemiTech,Full-time,Electronics,"VLSI,Verilog,MATLAB","Cadence,Synopsis,DFT",Bangalore,False,Permanent,90000,7.5,"Design and verify digital VLSI circuits. Work on next-gen processor designs.","vlsi,electronics,hardware,semiconductor"
O021,Reinforcement Learning Researcher,RoboAI,Full-time,AI Research,"Python,PyTorch,Reinforcement Learning","ROS,Control Theory,C++",Bangalore,True,Permanent,140000,8.5,"Research and implement RL algorithms for robotic control systems.","rl,robotics,ai,research"
O022,Quant Analyst,AlphaFund,Full-time,Finance,"Python,SQL,Statistics,Excel","R,MATLAB,Bloomberg",Mumbai,True,Permanent,130000,7.5,"Develop quantitative strategies for equity and derivatives trading.","quant,finance,analytics,trading"
O023,UX Researcher,UserFirst,Full-time,Design,"User Research,SPSS,Survey Design","R,Figma,Usability Testing",Delhi,True,Permanent,75000,7.0,"Lead user research studies. Translate research insights into product improvements.","ux,research,design,psychology"
O024,Android Developer,AppWorks,Full-time,Mobile Development,"Kotlin,Android,REST APIs","Firebase,CI/CD,Java",Delhi,False,Permanent,85000,7.0,"Build and maintain consumer-facing Android apps with millions of users.","android,mobile,kotlin,apps"
O025,Data Engineer,StreamData,Full-time,Data Engineering,"Python,Spark,SQL,Kafka","Airflow,AWS,Hadoop",Chennai,True,Permanent,110000,7.5,"Build robust data pipelines and infrastructure to power analytics and ML systems.","data-engineering,spark,python,bigdata"
