paper_id,title,authors,year,domain,keywords,abstract,journal,citations,difficulty_level,recommended_for
P001,Attention Is All You Need,Vaswani et al.,2017,NLP,"Transformers,Attention,Deep Learning,NLP","Introduces the Transformer architecture based entirely on attention mechanisms, dispensing with recurrence and convolutions. Achieves state-of-the-art on NLP tasks.",NeurIPS,90000,Advanced,"NLP,AI Research,Deep Learning"
P002,Deep Residual Learning for Image Recognition,He et al.,2016,Computer Vision,"CNN,ResNet,Image Classification,Deep Learning","Presents residual learning framework to ease training of very deep neural networks. Introduces skip connections to prevent vanishing gradients.",CVPR,120000,Advanced,"Computer Vision,Deep Learning,AI Research"
P003,BERT: Pre-training of Deep Bidirectional Transformers,Devlin et al.,2019,NLP,"BERT,Transfer Learning,NLP,Transformers","Introduces BERT, a method for pre-training language representations using a deep bidirectional transformer encoder. Achieves SOTA on 11 NLP tasks.",NAACL,60000,Advanced,"NLP,AI Research,Machine Learning"
P004,Playing Atari with Deep Reinforcement Learning,Mnih et al.,2013,Reinforcement Learning,"DQN,Reinforcement Learning,Game AI,Deep Learning","Presents first deep learning model to successfully learn control policies from raw pixel input using RL. Introduces Deep Q-Network (DQN).",arXiv,15000,Advanced,"Reinforcement Learning,AI Research,Game AI"
P005,Random Forests,Breiman L.,2001,Machine Learning,"Random Forest,Ensemble Learning,Classification,Feature Importance","Introduces Random Forest algorithm combining multiple decision trees. Shows improvements in accuracy and robustness over single-tree methods.",Machine Learning Journal,80000,Intermediate,"Machine Learning,Data Science,Statistics"
P006,A Survey on Transfer Learning,Pan & Yang,2010,Machine Learning,"Transfer Learning,Domain Adaptation,Survey","Comprehensive survey of transfer learning techniques. Categorizes approaches and identifies key challenges in transferring knowledge across domains.",IEEE TKDE,25000,Intermediate,"Machine Learning,AI Research,Deep Learning"
P007,The PageRank Citation Ranking,Page et al.,1999,Information Retrieval,"PageRank,Graph Algorithms,Search,Web","Describes the PageRank algorithm that forms the basis of Google Search. Models the web as a directed graph and ranks pages by importance.",Stanford Technical Report,18000,Intermediate,"Information Retrieval,Algorithms,Web"
P008,Generative Adversarial Networks,Goodfellow et al.,2014,Deep Learning,"GANs,Generative Models,Deep Learning,Image Synthesis","Introduces GANs — two competing neural networks (generator and discriminator) that learn to produce realistic synthetic data.",NeurIPS,60000,Advanced,"Deep Learning,AI Research,Computer Vision"
P009,Long Short-Term Memory,Hochreiter & Schmidhuber,1997,Deep Learning,"LSTM,RNN,Sequence Modeling,Time Series","Introduces LSTM cells that solve the vanishing gradient problem in RNNs. Enables learning long-range dependencies in sequences.",Neural Computation,55000,Advanced,"Deep Learning,NLP,Time Series"
P010,XGBoost: A Scalable Tree Boosting System,Chen & Guestrin,2016,Machine Learning,"XGBoost,Gradient Boosting,Tree Methods,Kaggle","Presents XGBoost, an efficient and scalable implementation of gradient boosting. Widely used in ML competitions and industry.",KDD,25000,Intermediate,"Machine Learning,Data Science,Competition ML"
P011,An Introduction to Bioinformatics Algorithms,Jones & Pevzner,2004,Bioinformatics,"Sequence Alignment,Bioinformatics,Algorithms,Genomics","Foundational textbook covering algorithms for biological sequence analysis including dynamic programming and graph-based methods.",MIT Press,8000,Intermediate,"Bioinformatics,Genomics,Algorithms"
P012,Ethereum: A Next-Generation Smart Contract Platform,Buterin V.,2014,Blockchain,"Ethereum,Smart Contracts,DeFi,Blockchain","Introduces Ethereum as a programmable blockchain platform with Turing-complete smart contract capability.",Ethereum Whitepaper,12000,Intermediate,"Blockchain,Distributed Systems,Web3"
P013,MapReduce: Simplified Data Processing on Large Clusters,Dean & Ghemawat,2004,Big Data,"MapReduce,Hadoop,Distributed Computing,Big Data","Introduces MapReduce programming model for processing large datasets across clusters of machines. Foundation for Hadoop ecosystem.",OSDI,25000,Intermediate,"Big Data,Data Engineering,Distributed Systems"
P014,Proximal Policy Optimization Algorithms,Schulman et al.,2017,Reinforcement Learning,"PPO,Policy Gradient,RL,Deep RL","Presents PPO, a simple and effective policy gradient algorithm for RL. Balances ease of implementation with sample efficiency.",arXiv,12000,Advanced,"Reinforcement Learning,AI Research,Robotics"
P015,A Tutorial on Support Vector Machines,Burges C.,1998,Machine Learning,"SVM,Classification,Kernel Methods,ML Theory","Accessible introduction to SVMs including geometric intuition, kernel trick, and optimization formulation.",Data Mining and Knowledge Discovery,18000,Intermediate,"Machine Learning,Statistics,Theory"
P016,Deep Learning for Natural Language Processing,Goldberg Y.,2017,NLP,"NLP,Deep Learning,Word Embeddings,RNN","Comprehensive primer on applying deep learning to NLP tasks. Covers word2vec, RNNs, CNNs, and attention for text.",Synthesis Lectures on HLT,5000,Intermediate,"NLP,Deep Learning,AI Research"
P017,Efficient Estimation of Word Representations in Vector Space,Mikolov et al.,2013,NLP,"Word2Vec,Word Embeddings,NLP,Distributional Semantics","Introduces Word2Vec models (Skip-gram, CBOW) for learning distributed word representations from large corpora.",arXiv,50000,Intermediate,"NLP,Machine Learning,AI Research"
P018,U-Net: Convolutional Networks for Biomedical Image Segmentation,Ronneberger et al.,2015,Computer Vision,"U-Net,Image Segmentation,Biomedical,CNN","Presents U-Net architecture for semantic segmentation with limited training data. Widely adopted in medical imaging.",MICCAI,40000,Advanced,"Computer Vision,Bioinformatics,Deep Learning"
P019,Variational Autoencoders,Kingma & Welling,2014,Deep Learning,"VAE,Generative Models,Latent Space,Representation Learning","Introduces variational autoencoder framework combining variational inference with deep learning for generative modeling.",arXiv,20000,Advanced,"Deep Learning,Generative AI,Research"
P020,An Introduction to Statistical Learning,James et al.,2013,Statistics,"Statistics,Regression,Classification,ML Fundamentals","Accessible introduction to statistical learning methods including regression, classification, resampling, and tree methods.",Springer,15000,Beginner,"Statistics,Machine Learning,Data Science"
P021,Mastering the Game of Go with Deep Neural Networks,Silver et al.,2016,Reinforcement Learning,"AlphaGo,RL,Monte Carlo Tree Search,Game AI","Describes AlphaGo, which combined deep neural networks with Monte Carlo tree search to defeat world champion Go players.",Nature,12000,Advanced,"Reinforcement Learning,AI Research,Game AI"
P022,The Anatomy of a Large-Scale Hypertextual Web Search Engine,Brin & Page,1998,Information Retrieval,"Search Engine,Web Crawling,Information Retrieval,PageRank","Original Google paper describing architecture of a large-scale web search engine. Foundational for information retrieval.",WWW Conference,15000,Intermediate,"Information Retrieval,Web,Algorithms"
P023,SMILES-Based Molecular Generation Using Transformers,Various,2021,Bioinformatics,"Drug Discovery,Molecular Generation,SMILES,Deep Learning","Survey of transformer-based approaches for generating novel drug-like molecules using SMILES string representations.",Journal of Chemical Information,3000,Advanced,"Bioinformatics,Drug Discovery,Deep Learning"
P024,Kubernetes: Up and Running,Burns et al.,2019,DevOps,"Kubernetes,Containers,Orchestration,Cloud","Practical guide to deploying containerized applications with Kubernetes. Covers pods, services, deployments and scaling.",O'Reilly,2000,Intermediate,"DevOps,Cloud,Software Engineering"
P025,Designing Data-Intensive Applications,Kleppmann M.,2017,Data Engineering,"Distributed Systems,Data Engineering,Databases,Kafka","Covers fundamental concepts behind reliable, scalable, and maintainable data systems including databases, streams, and batch processing.",O'Reilly,8000,Intermediate,"Data Engineering,Distributed Systems,Backend"
