student_id,name,email,department,year_of_study,cgpa,skills,interests,preferred_location,open_to_remote,past_internships,courses_completed,language_known,career_goal
S001,Aarav Sharma,aarav.sharma@university.edu,Computer Science,3,8.7,"Python,Machine Learning,Data Analysis,SQL","AI,Data Science,Research",Bangalore,True,1,"Deep Learning,Statistics,DBMS","English,Hindi",Data Scientist
S002,Priya Nair,priya.nair@university.edu,Electronics,2,7.5,"C++,Embedded Systems,MATLAB","IoT,Robotics,Hardware",Chennai,False,0,"Digital Electronics,Signal Processing","English,Tamil",Embedded Engineer
S003,Rohan Gupta,rohan.gupta@university.edu,Computer Science,4,9.1,"Python,React,Node.js,SQL,Docker","Web Development,Cloud,DevOps",Hyderabad,True,2,"Software Engineering,Cloud Computing,OS","English,Hindi",Full Stack Developer
S004,Sneha Reddy,sneha.reddy@university.edu,Data Science,3,8.2,"Python,R,Machine Learning,Tableau","Data Visualization,Analytics,Finance",Mumbai,True,1,"Statistics,ML,Business Analytics","English,Telugu",Data Analyst
S005,Arjun Mehta,arjun.mehta@university.edu,Mechanical,2,6.8,"AutoCAD,SolidWorks,MATLAB","Manufacturing,Design,Robotics",Pune,False,0,"Thermodynamics,Fluid Mechanics","English,Gujarati",Mechanical Design Engineer
S006,Kavya Pillai,kavya.pillai@university.edu,Computer Science,1,7.9,"Python,Java","Programming,AI,Mobile Apps",Bangalore,True,0,"Data Structures,Algorithms","English,Malayalam",Software Engineer
S007,Vikram Singh,vikram.singh@university.edu,Information Technology,4,8.4,"Java,Spring Boot,Microservices,Kubernetes","Backend,Cloud,DevOps",Delhi,True,2,"Software Architecture,Networks,Security","English,Hindi",Backend Engineer
S008,Meera Joshi,meera.joshi@university.edu,Data Science,2,8.0,"Python,SQL,Power BI,Excel","Business Intelligence,Analytics",Mumbai,True,0,"Statistics,Database Management","English,Marathi",Business Analyst
S009,Karthik Rajan,karthik.rajan@university.edu,Computer Science,3,7.6,"Python,TensorFlow,NLP,Flask","NLP,AI Research,Chatbots",Chennai,True,1,"NLP,Deep Learning,Web Dev","English,Tamil",NLP Engineer
S010,Divya Rao,divya.rao@university.edu,Biotechnology,3,8.5,"Python,R,Bioinformatics,BLAST","Genomics,Drug Discovery,Research",Bangalore,False,1,"Molecular Biology,Bioinformatics","English,Kannada",Bioinformatics Researcher
S011,Nikhil Kumar,nikhil.kumar@university.edu,Computer Science,4,9.3,"Python,C++,Algorithms,System Design","Competitive Programming,OS,Research",Hyderabad,True,3,"Advanced Algorithms,Distributed Systems","English,Hindi",Software Research Engineer
S012,Anjali Verma,anjali.verma@university.edu,MBA,2,7.2,"Excel,PowerPoint,Market Research,SQL","Product Management,Marketing,Strategy",Delhi,True,0,"Marketing Management,Finance","English,Hindi",Product Manager
S013,Rahul Patel,rahul.patel@university.edu,Computer Science,3,8.1,"Python,Django,PostgreSQL,Redis","Backend,API Design,Scalability",Ahmedabad,True,1,"Software Engineering,Networks","English,Gujarati",Backend Developer
S014,Pooja Iyer,pooja.iyer@university.edu,Electronics,4,7.8,"VLSI,Verilog,MATLAB,Python","Chip Design,Embedded,Semiconductor",Bangalore,False,1,"VLSI Design,Digital Systems","English,Tamil",VLSI Engineer
S015,Siddharth Mishra,siddharth.mishra@university.edu,Computer Science,2,8.6,"Python,Machine Learning,OpenCV,C++","Computer Vision,Robotics,AI",Pune,True,0,"Computer Vision,Linear Algebra","English,Hindi",Computer Vision Engineer
S016,Lakshmi Subramanian,lakshmi.sub@university.edu,Data Science,4,8.9,"Python,Spark,Hadoop,Hive,Kafka","Big Data,Data Engineering,Cloud",Chennai,True,2,"Big Data Analytics,Cloud Computing","English,Tamil",Data Engineer
S017,Aditya Jain,aditya.jain@university.edu,Computer Science,1,7.4,"HTML,CSS,JavaScript","Web Development,UI/UX,Design",Jaipur,True,0,"Web Fundamentals,Design Thinking","English,Hindi",Frontend Developer
S018,Nandita Bose,nandita.bose@university.edu,Psychology,3,7.1,"R,SPSS,Survey Design","UX Research,Human Behavior,EdTech",Kolkata,True,0,"Research Methods,Cognitive Science","English,Bengali",UX Researcher
S019,Tarun Chandra,tarun.chandra@university.edu,Computer Science,4,8.3,"Python,Solidity,Web3.js","Blockchain,DeFi,Cryptography",Hyderabad,True,1,"Cryptography,Distributed Systems","English,Telugu",Blockchain Developer
S020,Ishita Kapoor,ishita.kapoor@university.edu,Design,2,7.7,"Figma,Adobe XD,Sketch,Illustrator","UI/UX,Product Design,Branding",Mumbai,True,0,"Design Principles,Typography","English,Hindi",UI/UX Designer
S021,Manish Yadav,manish.yadav@university.edu,Computer Science,3,7.5,"Python,SQL,Machine Learning,Scikit-learn","ML,Data Science,Finance",Delhi,True,1,"ML Fundamentals,Statistics","English,Hindi",ML Engineer
S022,Deepa Krishnan,deepa.krishnan@university.edu,Bioinformatics,3,8.4,"Python,R,PyMOL,Bioconductor","Drug Discovery,Computational Biology",Bangalore,False,1,"Structural Biology,Genomics","English,Malayalam",Computational Biologist
S023,Gaurav Tiwari,gaurav.tiwari@university.edu,Information Technology,2,7.3,"Java,Android,Firebase","Mobile Development,UI,Apps",Lucknow,False,0,"Mobile Computing,OOP","English,Hindi",Android Developer
S024,Shruti Pandey,shruti.pandey@university.edu,Computer Science,4,9.0,"Python,PyTorch,Reinforcement Learning","RL,Game AI,Robotics",Bangalore,True,2,"Advanced ML,Control Theory","English,Hindi",RL Researcher
S025,Varun Nambiar,varun.nambiar@university.edu,Finance,3,7.6,"Python,Excel,SQL,Tableau","Quantitative Finance,Risk,Analytics",Mumbai,True,0,"Financial Modeling,Econometrics","English,Malayalam",Quant Analyst
